{"cameraMode":{"drawMode":0,"name":"Shaded","section":"Shading Mode"},"sceneLighting":true,"audioPlay":false,"sceneViewState":{"m_AlwaysRefresh":false,"showFog":true,"showSkybox":true,"showFlares":true,"showImageEffects":true,"showParticleSystems":true,"showVisualEffectGraphs":true,"m_FxEnabled":true},"in2DMode":false,"pivot":{"x":31.028146743774415,"y":0.5024563074111939,"z":-42.33021926879883},"rotation":{"x":0.3378264009952545,"y":-0.43337637186050417,"z":0.20699065923690797,"w":0.8110330700874329},"size":7.819189548492432,"orthographic":false}