{"cameraMode":{"drawMode":0,"name":"Shaded","section":"Shading Mode"},"sceneLighting":true,"audioPlay":false,"sceneViewState":{"m_AlwaysRefresh":false,"showFog":true,"showSkybox":true,"showFlares":true,"showImageEffects":true,"showParticleSystems":true,"showVisualEffectGraphs":true,"m_FxEnabled":true},"in2DMode":false,"pivot":{"x":20.220043182373048,"y":17.3337459564209,"z":-0.48916319012641909},"rotation":{"x":0.42716825008392336,"y":-0.44286540150642397,"z":0.2527710199356079,"w":0.7468734979629517},"size":0.7201333045959473,"orthographic":false}