{"cameraMode":{"drawMode":0,"name":"Shaded","section":"Shading Mode"},"sceneLighting":true,"audioPlay":false,"sceneViewState":{"m_AlwaysRefresh":false,"showFog":true,"showSkybox":true,"showFlares":true,"showImageEffects":true,"showParticleSystems":true,"showVisualEffectGraphs":true,"m_FxEnabled":true},"in2DMode":false,"pivot":{"x":13.004697799682618,"y":10.220673561096192,"z":5.300121784210205},"rotation":{"x":0.43082088232040408,"y":-0.4606192111968994,"z":0.27262935042381289,"w":0.7267807722091675},"size":0.4445696473121643,"orthographic":false}