{"cameraMode":{"drawMode":0,"name":"Shaded","section":"Shading Mode"},"sceneLighting":true,"audioPlay":false,"sceneViewState":{"m_AlwaysRefresh":false,"showFog":true,"showSkybox":true,"showFlares":true,"showImageEffects":true,"showParticleSystems":true,"showVisualEffectGraphs":true,"m_FxEnabled":true},"in2DMode":false,"pivot":{"x":12.424871444702149,"y":0.44339752197265627,"z":9.379732131958008},"rotation":{"x":0.47007688879966738,"y":-0.3563272953033447,"z":0.21515363454818726,"w":0.7783381342887878},"size":3.8333241939544679,"orthographic":false}