{"cameraMode":{"drawMode":0,"name":"Shaded","section":"Shading Mode"},"sceneLighting":false,"audioPlay":false,"sceneViewState":{"m_AlwaysRefresh":false,"showFog":true,"showSkybox":false,"showFlares":true,"showImageEffects":true,"showParticleSystems":true,"showVisualEffectGraphs":true,"m_FxEnabled":true},"in2DMode":false,"pivot":{"x":0.14450690150260926,"y":-0.16509002447128297,"z":0.6207730770111084},"rotation":{"x":-0.09981698542833328,"y":0.7768709659576416,"z":-0.1274554580450058,"w":-0.6085612177848816},"size":0.3247041702270508,"orthographic":false}