{"cameraMode":{"drawMode":0,"name":"Shaded","section":"Shading Mode"},"sceneLighting":false,"audioPlay":false,"sceneViewState":{"m_AlwaysRefresh":false,"showFog":true,"showSkybox":false,"showFlares":true,"showImageEffects":true,"showParticleSystems":true,"showVisualEffectGraphs":true,"m_FxEnabled":true},"in2DMode":false,"pivot":{"x":0.0066496990621089939,"y":0.000030907802283763885,"z":-7.450580596923828e-9},"rotation":{"x":-0.29314687848091128,"y":-0.48780402541160586,"z":0.17810110747814179,"w":-0.8028037548065186},"size":0.04159413278102875,"orthographic":false}